regulatoryGene,targetGene,cor,p.adj
FBgn0267065,FBgn0267154,1,2.2250738585072e-308
FBgn0030563,FBgn0010294,1,2.2250738585072e-308
FBgn0265527,FBgn0267135,1,2.2250738585072e-308
FBgn0083045,FBgn0267150,0.99757463584647,3.56025040850826e-08
FBgn0030780,FBgn0266959,0.991534998546479,1.50681453297019e-06
FBgn0031441,FBgn0028900,0.996859538031152,7.7249761537429e-08
