regulatoryGene,targetGene,cor,p.adj
FBgn0266897,FBgn0265895,1,2.2250738585072e-308
FBgn0265955,FBgn0041239,0.999230350662215,1.13911608440647e-09
FBgn0266862,FBgn0267664,0.99511070340072,2.9112885324113e-07
FBgn0082973,FBgn0011881,1,2.2250738585072e-308
FBgn0053908,FBgn0264677,0.999963165252962,1.24939880385268e-13
FBgn0264598,FBgn0023508,0.990844100903671,1.90570620046132e-06
